Wilayah,Komposit,NCPR,Kemiskinan (%),Pengeluaran Pangan (%),Tanpa Listrik (%),Tanpa Air Bersih (%),Lama Sekolah Perempuan (tahun),Rasio Tenaga Kesehatan,Angka Kesakitan,Stunting (%),IKP,IKP Ranking,
aceh selatan - bakongan,2,3.85,13.18,7.16,0.00,68.00,7.47,100.00,8.70,19.17,50.13,254,
aceh selatan - kluet utara,6,0.00,13.18,13.55,0.00,34.24,8.83,40.02,18.16,4.00,80.52,47,
aceh selatan - kluet selatan,6,0.00,13.18,7.13,0.00,53.56,8.65,100.00,7.98,1.84,78.96,68,
aceh selatan - labuhan haji,6,0.01,13.18,6.32,0.00,10.28,8.82,57.11,11.22,1.61,87.82,8,
aceh selatan - meukek,6,0.01,13.18,22.07,0.00,38.40,9.16,100.00,9.23,2.08,79.32,61,
aceh selatan - samadua,6,0.01,13.18,9.72,0.00,43.23,10.57,100.00,8.09,21.84,80.42,48,
aceh selatan - sawang,5,0.01,13.18,13.85,0.00,36.79,9.76,100.00,16.92,6.92,78.01,76,
aceh selatan - tapaktuan,3,5.00,13.18,35.53,0.00,18.68,11.12,72.99,7.19,5.13,54.85,252,
aceh selatan - trumon,6,0.74,13.18,9.09,0.00,26.70,8.68,100.00,6.07,7.01,79.20,63,
aceh selatan - pasi raja,5,0.02,13.18,9.72,0.00,57.30,8.13,76.65,9.92,6.46,77.31,80,
aceh selatan - labuhan haji timur,6,0.01,13.18,7.03,0.00,26.98,9.05,100.00,7.37,2.86,84.17,19,
aceh selatan - labuhan haji barat,5,0.01,13.18,8.28,0.00,68.74,8.11,75.80,19.71,14.83,70.94,156,
aceh selatan - kluet tengah,6,0.01,13.18,6.55,0.00,0.00,8.58,100.00,12.64,49.31,81.89,35,
aceh selatan - kluet timur,5,0.00,13.18,14.47,0.00,64.51,8.93,100.00,6.41,2.82,76.76,83,
aceh selatan - bakongan timur,6,0.01,13.18,9.89,0.00,53.03,8.67,100.00,7.07,5.26,78.63,72,
aceh selatan - trumon timur,5,0.43,13.18,10.20,0.00,55.03,8.89,100.00,7.02,4.96,75.99,99,
aceh selatan - kota bahagia,5,0.01,13.18,11.83,0.00,69.07,8.15,100.00,11.07,25.32,71.49,150,
aceh selatan - trumon tengah,4,1.19,13.18,17.43,0.00,81.87,8.53,100.00,6.76,0.00,65.84,201,
aceh tenggara - lawe alas,6,0.00,13.41,10.25,0.00,21.87,10.26,100.00,7.05,6.87,85.18,15,
aceh tenggara - lawe sigala-gala,6,0.00,13.41,20.88,0.00,26.26,9.53,84.17,11.02,5.11,81.44,38,
aceh tenggara - bambel,6,0.00,13.41,15.79,0.00,27.01,9.49,20.80,18.81,20.98,80.80,43,
aceh tenggara - babussalam,6,0.01,13.41,21.24,0.00,0.00,11.74,6.32,7.65,1.41,94.13,1,
aceh tenggara - badar,6,0.01,13.41,21.14,0.00,32.82,10.26,96.06,10.57,7.06,80.36,51,
aceh tenggara - babul makmur,5,0.01,13.41,13.95,0.00,67.24,9.13,92.77,8.65,12.53,74.65,113,
aceh tenggara - darul hasanah,5,0.01,13.41,12.06,0.00,60.98,8.68,100.00,14.99,20.31,71.88,144,
aceh tenggara - lawe bulan,6,0.01,13.41,13.98,0.00,49.08,10.07,48.87,10.91,28.44,78.75,70,
aceh tenggara - bukit tusam,6,0.00,13.41,15.77,0.00,37.58,9.52,44.31,11.41,43.01,78.54,73,
aceh tenggara - semadam,6,0.00,13.41,13.84,0.00,13.84,9.27,69.32,9.10,20.50,84.47,17,
aceh tenggara - babul rahmah,6,0.00,13.41,5.83,0.00,24.58,8.41,100.00,13.71,12.46,80.20,54,
aceh tenggara - ketambe,4,0.11,13.41,13.23,0.00,60.04,9.02,100.00,16.62,43.12,68.79,176,
aceh tenggara - deleng pokhkisen,4,0.00,13.41,25.12,0.00,58.16,8.86,100.00,17.92,24.02,69.10,171,
aceh tenggara - lawe sumur,5,0.00,13.41,15.99,0.00,75.56,9.53,52.69,7.08,18.31,75.53,106,
aceh tenggara - tanoh alas,6,0.00,13.41,13.96,0.00,16.11,7.57,67.89,18.74,17.47,78.76,69,
aceh tenggara - leuser,5,0.12,13.41,11.43,0.00,85.83,9.10,100.00,6.62,13.45,71.40,152,
aceh timur - darul aman,5,0.00,14.45,17.50,0.00,49.29,7.79,100.00,9.05,15.21,72.82,137,
aceh timur - julok,5,0.01,14.45,15.60,0.00,17.55,8.44,100.00,11.81,21.46,77.65,78,
aceh timur - idi rayeuk,6,0.02,14.45,11.23,0.00,15.09,8.97,58.53,9.43,10.09,83.52,25,
aceh timur - birem bayeun,5,0.02,14.45,17.07,0.00,16.11,9.02,100.00,12.35,16.57,78.52,74,
aceh timur - serbajadi,4,0.00,14.45,12.98,0.00,56.77,7.47,100.00,14.30,30.55,68.31,180,
aceh timur - nurussalam,5,0.00,14.45,17.55,0.00,55.13,9.04,100.00,9.68,14.11,73.01,132,
aceh timur - peureulak,5,0.00,14.45,23.18,0.00,39.62,9.70,100.00,8.21,12.01,76.36,91,
aceh timur - rantau selamat,5,0.01,14.45,14.94,0.00,25.50,8.08,100.00,10.75,29.61,75.60,105,
aceh timur - simpang ulim,6,0.00,14.45,34.30,0.00,11.32,8.85,100.00,7.38,8.51,79.36,60,
aceh timur - rantau peureulak,6,0.00,14.45,18.11,0.00,31.83,9.67,100.00,7.93,5.21,79.23,62,
aceh timur - pante bidari,5,0.00,14.45,12.47,0.00,44.88,8.29,100.00,18.88,14.62,71.09,155,
aceh timur - madat,4,0.00,14.45,19.45,0.00,54.42,8.34,100.00,27.17,14.79,65.12,208,
aceh timur - indra makmu,6,0.02,14.45,17.38,0.00,32.41,9.43,84.01,2.20,6.91,81.86,36,
aceh timur - idi tunong,6,0.00,14.45,12.29,0.00,44.14,9.46,64.40,6.98,14.39,79.13,66,
aceh timur - banda alam,5,0.00,14.45,18.02,0.00,51.99,9.77,100.00,7.53,22.60,74.31,117,
aceh timur - peudawa,5,0.01,14.45,23.45,0.00,41.52,8.21,76.60,13.66,5.13,74.12,119,
aceh timur - peureulak timur,5,0.01,14.45,11.07,0.00,7.60,8.49,100.00,23.32,15.71,76.15,94,
aceh timur - peureulak barat,5,0.00,14.45,24.63,0.00,24.49,9.30,100.00,7.21,15.93,78.37,75,
aceh timur - sungai raya,5,0.00,14.45,13.25,0.00,15.76,7.47,100.00,21.27,4.80,75.17,109,
aceh timur - simpang jernih,5,0.02,14.45,7.86,0.00,76.93,9.81,100.00,5.96,13.33,72.98,133,
aceh timur - darul ihsan,6,0.01,14.45,21.48,0.00,12.08,11.34,67.28,8.68,15.11,84.46,18,
aceh timur - darul falah,4,0.00,14.45,40.03,2.70,41.86,9.15,100.00,12.90,6.18,65.59,206,
aceh timur - idi timur,5,0.01,14.45,23.09,0.00,19.61,9.52,100.00,14.95,17.23,76.48,88,
aceh timur - peunaron,4,0.00,14.45,8.27,0.00,83.47,8.45,100.00,8.92,30.22,67.59,190,
aceh tengah - linge,4,0.03,15.26,8.82,0.00,72.82,8.64,100.00,8.47,32.34,67.69,189,
aceh tengah - silih nara,4,0.03,15.26,17.77,0.00,52.00,9.20,76.56,21.61,25.50,67.29,192,
aceh tengah - bebesen,5,1.12,15.26,24.44,0.00,17.32,11.26,24.58,12.90,28.34,73.93,121,
aceh tengah - pegasing,5,0.01,15.26,17.53,0.00,46.05,10.40,72.79,14.30,4.13,74.93,110,
aceh tengah - bintang,5,0.01,15.26,19.77,0.00,21.28,9.60,100.00,16.19,18.62,74.44,116,
aceh tengah - ketol,4,0.06,15.26,15.80,0.00,85.51,9.54,100.00,8.10,23.00,66.26,199,
aceh tengah - kebayakan,6,0.10,15.26,16.74,0.00,20.32,10.58,42.68,13.49,7.82,80.79,44,
aceh tengah - kute panang,5,0.08,15.26,11.68,0.00,40.48,9.44,42.76,20.66,5.27,74.30,118,
aceh tengah - celala,5,0.00,15.26,19.27,0.00,29.07,8.49,100.00,21.04,1.66,71.73,147,
aceh tengah - laut tawar,6,0.03,15.26,24.01,0.00,10.52,11.40,63.41,8.26,7.69,83.65,23,
aceh tengah - atu lintang,1,5.00,15.26,42.53,0.00,11.97,8.11,100.00,17.28,51.72,37.41,260,
aceh tengah - jagong jeget,3,0.38,15.26,23.65,3.24,50.17,9.43,100.00,20.52,37.75,55.73,250,
aceh tengah - bies,6,0.08,15.26,16.99,0.00,14.75,10.62,27.75,14.24,0.52,83.10,30,
aceh tengah - rusip antara,3,0.03,15.26,15.68,1.52,82.46,9.61,100.00,21.74,11.46,59.42,239,
aceh barat - johan pahwalan,5,0.02,18.81,28.19,0.00,2.89,11.41,21.39,12.28,18.21,76.62,84,
aceh barat - kaway xvi,5,0.00,18.81,10.28,0.00,19.75,9.93,100.00,11.41,4.13,72.45,140,
aceh barat - sungai mas,3,0.00,18.81,17.32,0.00,84.67,9.22,100.00,7.44,36.67,57.67,245,
aceh barat - woyla,5,0.00,18.81,7.66,0.00,26.41,8.44,100.00,11.56,8.16,69.62,167,
aceh barat - samatiga,5,0.00,18.81,14.38,0.00,10.35,11.14,96.36,9.06,8.48,75.48,107,
aceh barat - bubon,4,0.00,18.81,12.04,0.00,17.93,9.64,100.00,14.45,35.45,67.96,187,
aceh barat - arongan lambalek,4,0.00,18.81,10.72,0.00,27.66,8.45,100.00,13.77,8.72,68.02,186,
aceh barat - pante ceureumen,4,0.00,18.81,8.83,0.00,64.00,8.69,100.00,14.73,9.65,61.75,227,
aceh barat - meureubo,5,0.01,18.81,24.17,0.00,14.78,10.37,77.31,13.93,4.68,71.80,146,
aceh barat - woyla barat,4,0.00,18.81,6.21,0.00,40.44,8.90,100.00,16.53,22.32,64.56,215,
aceh barat - woyla timur,3,0.00,18.81,8.45,0.00,67.61,8.34,100.00,12.63,28.02,59.85,238,
aceh barat - panton reu,3,0.00,18.81,7.74,0.00,61.85,8.80,100.00,18.64,24.80,59.40,240,
aceh besar - lhoong,5,0.00,14.05,10.97,0.00,54.93,8.67,100.00,15.13,17.85,71.98,142,
aceh besar - lhoknga,6,0.01,14.05,24.05,0.00,0.00,9.62,100.00,13.58,15.81,81.39,39,
aceh besar - indrapuri,6,0.00,14.05,7.07,0.00,10.78,10.28,100.00,10.61,24.62,83.18,29,
aceh besar - seulimeum,5,0.00,14.05,9.10,2.80,25.42,9.22,100.00,7.13,40.84,72.82,136,
aceh besar - montasik,6,0.00,14.05,11.36,0.00,7.74,10.63,41.48,17.26,29.49,83.45,27,
aceh besar - sukamakmur,6,0.00,14.05,18.41,0.00,16.28,10.95,45.26,10.12,30.48,83.75,22,
aceh besar - darul imarah,6,0.02,14.05,35.86,0.00,0.00,10.99,15.51,9.13,6.26,88.16,6,
aceh besar - peukan bada,6,0.01,14.05,18.12,0.00,8.50,10.77,41.19,11.39,19.23,85.69,13,
aceh besar - mesjid raya,6,0.18,14.05,22.47,0.00,6.44,10.98,100.00,9.35,28.24,81.38,40,
aceh besar - ingin jaya,6,0.01,14.05,22.92,0.00,9.81,10.27,20.12,8.05,22.37,86.37,12,
aceh besar - kuta baro,6,0.00,14.05,13.24,0.00,13.17,9.05,44.90,15.08,31.49,80.98,42,
aceh besar - darussalam,6,0.00,14.05,29.24,0.00,0.00,10.52,38.82,8.29,29.21,85.65,14,
aceh besar - pulo aceh,4,0.00,14.05,44.60,1.49,42.07,9.60,100.00,9.08,28.83,68.15,184,
aceh besar - lembah seulawah,5,0.00,14.05,8.82,0.00,49.47,8.78,100.00,5.78,25.32,76.35,92,
aceh besar - kota jantho,6,0.00,14.05,12.51,0.00,17.18,9.96,100.00,9.47,20.68,81.71,37,
aceh besar - kota cot glie,5,0.00,14.05,7.16,0.00,41.89,9.23,100.00,11.39,26.37,76.11,96,
aceh besar - kuta malaka,6,0.00,14.05,18.56,0.00,41.60,12.08,32.14,13.89,25.30,80.24,53,
aceh besar - simpang tiga,5,0.00,14.05,12.53,0.00,76.93,9.62,29.67,15.32,14.39,72.94,134,
aceh besar - darul kamal,6,0.01,14.05,13.79,0.00,7.03,12.01,34.39,12.34,27.01,87.24,10,
aceh besar - baitussalam,6,0.09,14.05,25.43,0.00,0.00,10.96,26.05,7.04,22.95,87.95,7,
aceh besar - krueng barona jaya,6,0.03,14.05,17.48,0.00,0.00,9.81,8.09,8.13,13.97,89.70,4,
aceh besar - leupung,6,0.01,14.05,10.08,0.00,8.11,9.56,100.00,14.48,34.74,79.86,56,
aceh besar - blang bintang,6,0.00,14.05,12.98,0.00,12.22,11.72,40.54,10.89,20.02,87.08,11,
pidie - batee,5,0.01,19.59,5.59,0.00,21.96,8.50,33.66,10.18,3.05,73.68,127,
pidie - delima,4,0.00,19.59,12.67,0.00,75.15,9.25,13.22,14.70,27.88,61.05,230,
pidie - geumpang,4,0.00,19.59,9.81,0.00,75.44,11.38,100.00,6.32,39.09,61.37,229,
pidie - geulumpang tiga,4,0.00,19.59,10.84,0.00,36.13,7.48,32.84,21.39,21.15,63.21,220,
pidie - indra jaya,5,0.00,19.59,22.55,0.00,14.13,9.06,16.61,10.39,15.44,72.73,138,
pidie - kembang tanjong,5,0.00,19.59,10.38,0.00,9.51,10.10,14.36,16.34,13.70,74.46,115,
pidie - kota sigli,1,5.00,19.59,8.59,0.00,61.15,7.68,6.19,6.25,1.90,38.67,259,
pidie - mila,4,0.00,19.59,20.31,2.55,29.22,9.28,25.23,21.35,10.70,60.75,233,
pidie - muara tiga,4,0.01,19.59,6.74,0.00,45.04,8.27,100.00,8.38,11.05,65.64,205,
pidie - mutiara,5,0.00,19.59,21.94,0.00,10.33,10.66,6.84,10.30,14.27,75.89,101,
pidie - padang tiji,4,0.00,19.59,26.77,0.00,8.68,8.99,100.00,10.26,11.23,68.98,172,
pidie - peukan baro,5,0.00,19.59,26.55,0.00,16.63,10.98,9.45,12.77,7.54,73.97,120,
pidie - pidie,5,0.01,19.59,14.86,0.00,10.30,8.53,13.31,8.35,6.98,75.75,102,
pidie - sakti,4,0.00,19.59,18.05,0.00,13.50,10.10,27.51,24.74,10.83,68.86,175,
pidie - simpang tiga,5,0.01,19.59,7.37,0.00,47.24,8.56,18.28,8.85,4.69,70.26,164,
pidie - tangse,3,0.00,19.59,10.17,0.00,77.74,8.80,100.00,8.31,12.33,59.90,237,
pidie - tiro/truseb,4,0.00,19.59,7.42,0.00,26.25,8.82,100.00,24.84,33.04,60.82,231,
pidie - keumala,4,0.00,19.59,7.40,0.00,23.11,7.97,41.08,18.13,9.97,68.47,179,
pidie - mutiara timur,4,0.00,19.59,12.40,0.00,61.38,8.94,20.69,23.78,11.78,60.75,234,
pidie - grong-grong,3,0.00,19.59,21.54,0.00,62.87,8.52,13.88,19.93,26.62,59.07,242,
pidie - mane,4,0.00,19.59,26.56,0.00,52.40,7.84,100.00,6.49,19.88,60.78,232,
pidie - glumpang baro,4,0.00,19.59,16.80,0.00,35.93,7.91,10.02,21.36,12.86,64.83,212,
pidie - titeue,4,0.00,19.59,14.61,0.00,31.43,9.75,25.87,26.64,16.34,64.68,213,
aceh utara - baktiya,5,0.00,17.43,13.24,0.00,14.33,9.59,72.78,8.18,7.97,77.82,77,
aceh utara - dewantara,6,0.02,17.43,13.65,0.00,3.67,9.63,19.07,9.55,6.68,82.02,34,
aceh utara - kuta makmur,5,0.00,17.43,9.83,0.00,43.73,9.39,93.99,12.58,4.64,70.44,160,
aceh utara - lhoksukon,5,0.00,17.43,17.30,0.00,13.43,9.38,89.01,10.48,24.71,73.73,125,
aceh utara - matangkuli,5,0.00,17.43,16.72,0.00,68.48,10.33,40.10,8.60,13.73,69.64,166,
aceh utara - muara batu,5,0.00,17.43,10.22,0.00,39.59,9.62,21.79,7.68,3.14,77.26,81,
aceh utara - meurah mulia,5,0.00,17.43,10.55,0.00,10.61,9.23,100.00,7.96,23.40,75.63,104,
aceh utara - samudera,6,0.01,17.43,13.17,0.00,29.13,8.87,26.23,1.90,9.86,79.18,64,
aceh utara - seunuddon,4,0.00,17.43,7.53,0.00,82.92,9.11,33.66,10.42,3.40,67.82,188,
aceh utara - syamtalira aron,5,0.01,17.43,15.75,0.00,21.13,9.28,16.45,18.05,18.97,73.93,122,
aceh utara - syamtalira bayu,5,0.00,17.43,53.85,0.00,7.40,8.59,43.07,9.72,1.42,73.34,129,
aceh utara - tanah luas,5,0.00,17.43,8.42,0.00,16.22,9.40,13.32,22.72,2.96,75.92,100,
aceh utara - tanah pasir,5,0.01,17.43,10.01,0.00,9.85,8.72,17.88,27.22,5.32,73.79,123,
aceh utara - tanah jambo aye,5,0.00,17.43,14.69,0.00,31.09,8.44,50.30,14.59,12.50,71.65,149,
aceh utara - sawang,5,0.00,17.43,10.76,1.48,30.94,10.12,100.00,8.08,12.96,70.72,157,
aceh utara - nisam,4,0.00,17.43,16.89,0.00,61.99,10.23,59.14,7.38,28.47,68.69,178,
aceh utara - cot girek,5,0.01,17.43,19.66,0.00,11.14,9.35,100.00,11.85,2.27,74.75,111,
aceh utara - langkahan,4,0.01,17.43,13.51,0.00,71.96,8.85,95.87,8.76,5.39,65.67,204,
aceh utara - baktiya barat,4,0.00,17.43,12.31,0.00,46.34,8.49,60.64,14.29,9.73,69.23,169,
aceh utara - paya bakong,3,0.00,17.43,14.11,0.00,82.65,10.69,100.00,26.44,22.33,56.89,247,
aceh utara - nibong,5,0.00,17.43,5.74,0.00,65.21,8.75,38.72,8.82,16.04,69.93,165,
aceh utara - simpang kramat,5,0.00,17.43,8.97,0.00,50.21,10.18,71.87,10.09,17.12,71.24,154,
aceh utara - lapang,4,0.00,17.43,6.78,0.00,36.89,7.47,23.50,26.16,39.56,65.02,210,
aceh utara - pirak timur,3,0.00,17.43,12.24,0.00,68.83,9.28,86.79,20.37,40.67,59.38,241,
aceh utara - geuredong pase,4,0.01,17.43,31.42,0.00,22.99,8.42,100.00,10.96,22.55,68.27,182,
aceh utara - banda baro,5,0.00,17.43,8.73,0.00,47.99,8.94,38.15,12.81,10.63,71.68,148,
aceh utara - nisam antara,5,0.14,17.43,11.41,0.00,12.91,8.28,86.99,5.67,6.50,76.50,87,
simeulue - simeulue tengah,4,0.01,18.98,34.99,0.00,12.10,9.64,100.00,20.72,10.81,65.00,211,
simeulue - salang,5,0.00,18.98,14.16,1.64,8.65,9.61,100.00,8.19,9.24,70.27,163,
simeulue - teupah barat,4,0.00,18.98,11.49,1.89,31.20,8.81,100.00,12.08,24.02,62.35,222,
simeulue - simeulue timur,5,0.03,18.98,23.16,0.00,6.90,10.07,100.00,15.25,9.96,70.30,162,
simeulue - teluk dalam,5,0.00,18.98,9.77,0.00,15.15,9.59,100.00,6.20,25.62,72.58,139,
simeulue - simeulue barat,4,0.01,18.98,10.55,0.00,23.54,9.06,100.00,9.04,26.35,69.21,170,
simeulue - teupah selatan,4,0.00,18.98,14.67,1.67,27.34,9.26,100.00,10.24,30.40,63.62,218,
simeulue - alapan,4,0.00,18.98,6.56,0.00,72.13,9.07,100.00,7.69,28.50,61.69,228,
simeulue - teupah tengah,4,0.01,18.98,25.54,0.00,15.10,9.77,100.00,14.29,27.26,67.00,195,
simeulue - simeulue cut,5,0.00,18.98,13.41,0.00,0.00,11.43,63.21,12.42,30.34,75.72,103,
aceh singkil - pulau banyak,5,0.05,20.36,8.19,0.00,25.91,9.44,35.76,7.26,36.42,69.55,168,
aceh singkil - simpang kanan,4,0.02,20.36,10.60,0.00,58.49,9.09,100.00,7.46,14.00,61.99,224,
aceh singkil - singkil,1,5.00,20.36,10.41,0.00,28.20,9.13,100.00,11.21,3.32,37.01,261,
aceh singkil - gunung meriah,4,0.07,20.36,19.53,0.00,36.23,9.28,100.00,9.75,31.40,61.80,225,
aceh singkil - kota baharu,1,5.00,20.36,22.56,0.00,20.05,9.16,100.00,12.74,15.48,34.83,262,
aceh singkil - singkil utara,2,3.17,20.36,16.95,0.00,7.87,10.97,100.00,21.51,13.00,47.54,256,
aceh singkil - danau paris,4,0.01,20.36,4.79,0.00,40.36,8.74,100.00,7.29,38.39,63.43,219,
aceh singkil - suro makmur,3,0.01,20.36,10.46,0.00,80.63,8.70,100.00,10.91,18.24,55.99,249,
aceh singkil - singkohor,1,5.00,20.36,22.29,0.00,31.80,9.47,100.00,15.95,1.83,33.21,263,
aceh singkil - kuala baru,1,5.00,20.36,6.65,0.00,23.75,9.13,100.00,8.96,2.94,39.29,258,
aceh singkil - pulau banyak barat,1,5.00,20.36,34.68,2.52,37.75,9.15,100.00,14.03,9.72,24.40,264,
bireuen - samalanga,6,0.00,13.25,10.90,0.00,8.10,8.87,66.39,23.66,1.12,82.09,33,
bireuen - jeunieb,6,0.00,13.25,8.39,0.00,44.93,8.42,79.23,10.20,6.42,79.68,57,
bireuen - peudada,5,0.00,13.25,10.31,1.61,33.59,8.72,100.00,18.90,10.05,73.26,130,
bireuen - jeumpa,6,0.01,13.25,9.00,0.00,41.11,8.88,61.66,17.10,5.64,79.02,67,
bireuen - peusangan,6,0.01,13.25,12.73,0.00,30.62,10.19,13.77,18.28,3.05,84.04,20,
bireuen - makmur,6,0.00,13.25,14.61,0.00,33.86,10.25,51.99,8.50,3.67,85.03,16,
bireuen - gandapura,6,0.00,13.25,7.62,0.00,59.31,9.39,15.81,9.93,11.37,81.34,41,
bireuen - pandrah,6,0.00,13.25,6.69,0.00,54.83,10.04,100.00,8.14,16.57,78.69,71,
bireuen - juli,5,0.01,13.25,8.65,1.79,44.71,9.43,92.10,10.23,5.50,76.17,93,
bireuen - jangka,6,0.01,13.25,12.90,2.73,5.86,9.02,18.33,17.09,8.37,80.79,45,
bireuen - simpang mamplam,6,0.00,13.25,9.68,0.00,16.69,9.21,96.58,20.50,2.49,80.66,46,
bireuen - peulimbang,6,0.00,13.25,5.98,0.00,0.00,8.58,100.00,18.28,5.19,83.89,21,
bireuen - kota juang,6,0.01,13.25,13.45,0.00,7.11,10.73,9.50,7.77,1.91,93.06,2,
bireuen - kuala,6,0.00,13.25,15.88,0.00,0.00,10.54,12.49,12.60,6.22,91.30,3,
bireuen - peusangan siblah krueng,6,0.00,13.25,11.70,0.00,26.23,9.24,66.02,9.42,14.38,83.57,24,
bireuen - peusangan selatan,6,0.01,13.25,18.35,0.00,30.64,8.88,76.54,14.17,8.01,79.53,58,
bireuen - kuta blang,6,0.00,13.25,14.38,0.00,43.52,10.30,21.62,14.34,6.18,82.49,32,
aceh barat daya - blang pidie,5,0.00,16.34,21.92,0.00,15.86,9.95,100.00,11.57,4.16,76.45,89,
aceh barat daya - tangan-tangan,5,0.00,16.34,10.76,0.00,33.82,9.20,84.13,10.57,12.44,74.66,112,
aceh barat daya - manggeng,4,0.00,16.34,8.97,0.00,51.83,8.01,44.99,21.94,19.46,67.42,191,
aceh barat daya - susoh,6,0.00,16.34,17.41,0.00,13.05,9.43,15.36,12.90,11.06,80.39,49,
aceh barat daya - kuala batee,5,0.00,16.34,14.03,0.00,16.34,9.30,100.00,17.92,19.08,72.94,135,
aceh barat daya - babah rot,4,0.00,16.34,15.25,0.00,48.86,8.26,100.00,16.20,20.85,66.44,197,
aceh barat daya - setia,5,0.00,16.34,13.21,0.00,37.01,9.04,100.00,10.60,15.28,72.43,141,
aceh barat daya - jeumpa,5,0.00,16.34,11.70,0.00,29.79,9.11,100.00,10.89,23.14,73.12,131,
aceh barat daya - lembah sabil,5,0.00,16.34,10.09,0.00,16.53,9.27,100.00,20.69,6.32,73.61,128,
gayo lues - blangkejeren,5,0.01,19.64,19.02,0.00,8.96,9.81,100.00,13.35,0.74,70.65,158,
gayo lues - kutapanjang,4,0.00,19.64,28.14,0.00,17.39,9.72,100.00,10.56,6.35,68.29,181,
gayo lues - rikit gaib,5,0.01,19.64,10.10,0.00,17.71,9.32,100.00,9.08,14.15,70.37,161,
gayo lues - terangun,3,0.03,19.64,12.26,0.00,59.34,8.03,100.00,14.19,33.67,57.33,246,
gayo lues - pining,5,0.01,19.64,6.16,0.00,0.00,8.81,100.00,11.77,23.58,71.49,151,
gayo lues - blangpegayon,4,0.01,19.64,14.08,0.00,24.78,8.45,100.00,8.72,9.36,68.18,183,
gayo lues - puteri betung,3,0.06,19.64,13.30,0.00,72.29,8.51,100.00,8.41,21.23,58.73,243,
gayo lues - dabun gelang,4,0.00,19.64,7.73,0.00,10.89,8.92,100.00,25.31,7.12,65.77,202,
gayo lues - blangjerango,4,0.00,19.64,11.92,0.00,36.24,8.85,100.00,14.98,3.64,65.04,209,
gayo lues - teripe jaya,3,0.01,19.64,38.31,0.00,15.10,7.87,100.00,23.44,45.41,56.24,248,
gayo lues - pantan cuaca,4,0.02,19.64,8.37,0.00,30.50,7.82,100.00,9.37,23.61,65.68,203,
aceh jaya - teunom,5,0.01,13.23,16.38,0.00,66.07,9.40,100.00,12.55,6.77,73.76,124,
aceh jaya - krueng sabee,6,0.01,13.23,19.30,0.00,9.85,9.70,100.00,10.53,15.25,83.46,26,
aceh jaya - setia bhakti,5,0.00,13.23,17.10,0.00,19.22,9.22,100.00,20.28,28.41,76.54,85,
aceh jaya - sampoiniet,6,0.01,13.23,11.17,0.00,15.35,8.21,100.00,9.84,37.53,80.24,52,
aceh jaya - jaya,5,0.00,13.23,10.41,0.00,36.06,8.67,100.00,21.07,19.26,74.60,114,
aceh jaya - panga,5,0.00,13.23,10.72,1.70,42.83,9.12,100.00,12.71,16.38,73.70,126,
aceh jaya - indra jaya,5,0.00,13.23,11.49,1.17,7.70,8.96,100.00,18.19,31.09,77.12,82,
aceh jaya - darul hikmah,5,0.00,13.23,11.59,3.42,15.27,8.31,100.00,17.01,32.18,70.50,159,
aceh jaya - pasie raya,5,0.00,13.23,6.67,0.00,44.69,8.12,100.00,12.08,25.45,76.01,98,
nagan raya - kuala,5,0.01,18.23,12.91,0.00,12.60,9.77,100.00,14.25,17.13,71.94,143,
nagan raya - seunagan,5,0.00,18.23,13.48,0.00,11.39,9.24,49.76,7.42,21.68,76.45,90,
nagan raya - seunagan timur,4,0.00,18.23,13.97,0.00,45.46,10.16,100.00,10.70,6.63,68.90,174,
nagan raya - beutong,4,0.00,18.23,10.18,0.00,42.92,9.84,100.00,20.72,17.36,64.58,214,
nagan raya - darul makmur,4,0.08,18.23,10.21,0.00,28.29,7.85,100.00,21.39,20.71,63.91,217,
nagan raya - suka makmue,4,0.00,18.23,33.18,0.00,12.96,9.34,81.84,14.34,20.51,68.95,173,
nagan raya - kuala pesisir,5,0.01,18.23,13.93,0.00,12.01,10.19,58.27,7.43,15.65,77.35,79,
nagan raya - tadu raya,4,0.01,18.23,11.66,0.00,29.07,8.09,100.00,11.70,20.65,68.09,185,
nagan raya - tripa makmur,3,0.02,18.23,7.80,0.00,60.09,8.19,100.00,19.01,23.69,60.10,236,
nagan raya - beutong ateuh banggalang,4,0.00,18.23,8.31,0.00,58.84,7.47,100.00,7.46,43.81,62.20,223,
aceh tamiang - manyak payed,6,0.00,13.34,14.24,0.00,16.33,9.69,81.19,10.26,23.12,83.23,28,
aceh tamiang - bendahara,5,0.00,13.34,15.87,3.16,8.70,9.06,75.73,15.88,5.06,76.51,86,
aceh tamiang - karang baru,6,0.01,13.34,16.08,0.00,6.38,10.31,67.37,9.53,4.19,88.18,5,
aceh tamiang - seruway,6,0.01,13.34,23.02,0.00,25.90,9.67,100.00,11.55,15.76,79.38,59,
aceh tamiang - kota kualasinpang,4,5.00,13.34,12.60,0.00,0.00,10.19,7.23,12.59,3.51,61.80,226,
aceh tamiang - kejuruan muda,6,0.02,13.34,15.91,0.00,16.82,8.58,100.00,9.07,8.10,82.51,31,
aceh tamiang - tamiang hulu,6,0.02,13.34,15.57,0.00,26.24,9.92,100.00,12.76,18.20,79.90,55,
aceh tamiang - rantau,6,0.01,13.34,27.10,0.00,6.86,9.81,32.73,9.59,4.97,87.59,9,
aceh tamiang - banda mulia,5,0.00,13.34,13.98,0.00,42.64,8.18,76.62,17.89,3.73,76.15,95,
aceh tamiang - bandar pusaka,6,0.01,13.34,11.39,0.00,25.00,8.31,100.00,13.64,13.96,79.14,65,
aceh tamiang - tenggulun,6,0.01,13.34,12.00,0.00,39.60,8.96,100.00,7.24,7.31,80.37,50,
aceh tamiang - sekerak,5,0.04,13.34,12.65,0.00,52.40,8.76,100.00,7.61,21.88,76.07,97,
bener meriah - pintu rime gayo,4,0.09,19.16,17.96,0.00,36.96,9.74,100.00,8.23,24.73,66.09,200,
bener meriah - permata,2,1.85,19.16,27.62,0.00,41.23,9.70,90.20,16.28,42.01,48.91,255,
bener meriah - syiah utama,3,0.00,19.16,37.77,2.74,42.97,9.15,100.00,11.78,34.44,53.53,253,
bener meriah - bandar,4,1.21,19.16,25.39,0.00,10.73,9.70,46.38,15.43,9.06,64.29,216,
bener meriah - bukit,3,0.06,19.16,28.19,0.00,57.97,10.96,88.76,17.29,16.55,60.12,235,
bener meriah - wih pesam,4,0.45,19.16,14.68,0.00,40.06,9.79,26.73,14.97,7.61,66.84,196,
bener meriah - timang gajah,4,0.03,19.16,44.48,0.00,27.40,9.73,40.11,11.59,20.19,66.36,198,
bener meriah - bener kelipah,2,5.00,19.16,15.89,0.00,9.46,10.26,36.64,16.58,19.76,42.85,257,
bener meriah - mesidah,4,0.07,19.16,10.27,0.00,29.47,9.04,100.00,9.64,27.87,67.08,194,
bener meriah - gajah putih,3,0.05,19.16,11.73,0.00,83.38,10.39,72.57,19.36,11.81,58.19,244,
pidie jaya - meureudu,4,0.00,19.55,14.90,0.00,36.58,9.79,60.00,17.89,19.86,65.16,207,
pidie jaya - ulim,5,0.00,19.55,7.31,0.00,29.46,10.02,28.21,15.10,7.17,71.83,145,
pidie jaya - jangka buaya,4,0.00,19.55,14.03,0.00,51.73,10.80,8.35,13.30,31.17,67.21,193,
pidie jaya - bandar dua,4,0.00,19.55,8.26,0.00,42.50,9.27,60.74,10.45,7.23,68.70,177,
pidie jaya - meurah dua,3,0.00,19.55,17.73,0.00,76.44,11.53,100.00,20.35,33.53,55.22,251,
pidie jaya - bandar baru,4,0.00,19.55,14.25,0.53,40.42,9.04,43.74,16.67,35.37,62.45,221,
pidie jaya - panteraja,5,0.00,19.55,10.65,0.00,14.49,9.10,10.95,10.44,10.70,75.36,108,
pidie jaya - trienggadeng,5,0.00,19.55,10.30,0.00,20.60,9.57,38.72,15.27,12.10,71.32,153,
kota banda aceh - baiturrahman,6,0.00,7.61,3.73,0.00,2.36,13.29,10.81,9.21,15.12,90.60,5,
kota banda aceh - kuta alam,6,0.00,7.61,5.05,0.00,2.09,13.37,12.11,7.48,16.62,92.91,4,
kota banda aceh - meuraxa,6,0.00,7.61,8.68,0.00,2.03,13.07,15.13,10.09,18.34,88.51,8,
kota banda aceh - syiah kuala,6,0.00,7.61,0.84,0.00,1.93,13.49,15.65,7.31,19.72,94.00,3,
kota banda aceh - lueng bata,6,0.00,7.61,4.23,0.00,1.92,13.35,11.36,6.38,7.37,96.48,1,
kota banda aceh - kuta raja,6,0.00,7.61,3.76,0.00,2.30,13.64,11.84,12.14,10.89,88.87,7,
kota banda aceh - banda raya,6,0.00,7.61,6.14,0.00,2.41,13.66,9.21,6.01,14.81,94.05,2,
kota banda aceh - jaya baru,6,0.00,7.61,7.93,0.00,2.86,12.79,7.27,7.77,5.85,90.41,6,
kota banda aceh - ulee kareng,6,0.00,7.61,6.22,0.00,2.27,13.16,12.55,10.17,23.07,87.66,9,
kota sabang - sukakarya,4,0.00,15.32,33.82,0.00,2.93,10.90,33.64,14.04,11.76,56.13,20,
kota sabang - sukajaya,5,0.00,15.32,19.23,0.00,2.81,11.15,36.04,8.07,11.86,66.40,16,
kota lhokseumawe - muara dua,6,0.00,11.16,22.46,0.00,2.57,11.93,20.72,12.56,11.38,72.63,13,
kota lhokseumawe - banda sakti,6,0.00,11.16,9.46,0.00,2.24,11.88,2.25,8.44,6.70,83.36,10,
kota lhokseumawe - blang mangat,4,0.00,11.16,37.94,0.00,3.71,10.28,23.48,16.89,13.25,57.17,19,
kota lhokseumawe - muara satu,6,0.00,11.16,34.62,0.00,3.02,11.25,26.62,7.07,17.43,71.52,15,
kota langsa - langsa timur,4,0.00,10.96,18.19,0.00,3.50,9.77,85.97,18.21,2.56,57.25,18,
kota langsa - langsa barat,5,0.00,10.96,18.89,0.00,4.66,10.97,38.11,11.98,1.68,65.46,17,
kota langsa - langsa kota,6,0.00,10.96,12.19,0.00,3.27,11.30,3.97,10.12,0.62,77.54,11,
kota langsa - langsa lama,6,0.00,10.96,12.59,0.00,3.50,11.07,37.21,11.85,1.16,71.59,14,
kota langsa - langsa baro,6,0.00,10.96,7.41,0.00,2.46,11.61,55.58,13.51,2.14,73.99,12,
kota subulussalam - simpang kiri,3,0.00,17.65,23.58,0.00,3.83,9.57,100.00,9.34,23.36,45.98,22,
kota subulussalam - penanggalan,4,0.00,17.65,26.40,0.00,2.95,9.47,92.08,7.83,25.04,50.39,21,
kota subulussalam - rundeng,2,0.00,17.65,26.36,0.00,5.47,9.07,100.00,9.50,48.13,34.21,23,
kota subulussalam - sultan daulat,1,0.00,17.65,56.52,0.00,4.10,8.65,100.00,12.06,35.94,18.61,25,
kota subulussalam - longkib,2,0.00,17.65,21.63,0.00,6.83,8.67,100.00,9.46,31.95,32.42,24,

